"Date","Capital.A","Capital.B","Capital.C","Capital.D","Capital.E","Cuprum.A","Cuprum.B","Cuprum.C","Cuprum.D","Cuprum.E","Habitat.A","Habitat.B","Habitat.C","Habitat.D","Habitat.E","Modelo.A","Modelo.B","Modelo.C","Modelo.D","Modelo.E","PlanVital.A","PlanVital.B","PlanVital.C","PlanVital.D","PlanVital.E","ProVida.A","ProVida.B","ProVida.C","ProVida.D","ProVida.E","system.A","system.B","system.C","system.D","system.E"
"2005-08",NA,NA,NA,NA,NA,-0.62,-0.56,-0.31,0.05,0.77,-0.84,-0.57,-0.37,0.05,0.76,NA,NA,NA,NA,NA,-0.79,-0.57,-0.31,0.04,0.72,-0.6,-0.39,-0.26,0.14,0.77,-0.67,-0.47,-0.31,0.07,0.75
"2005-09",NA,NA,NA,NA,NA,3.03,2.1,1.32,0.6,-0.38,3.26,2.22,1.16,0.51,-0.57,NA,NA,NA,NA,NA,3.15,2.23,1.28,0.65,-0.39,3.44,2.14,1.23,0.39,-0.55,3.21,2.17,1.22,0.49,-0.51
"2005-10",NA,NA,NA,NA,NA,-4.17,-3.58,-3.09,-3,-3.03,-4.16,-3.56,-3.02,-2.7,-2.78,NA,NA,NA,NA,NA,-4.34,-3.75,-3.31,-2.9,-3.17,-4.49,-3.91,-3.38,-2.92,-2.75,-4.28,-3.72,-3.21,-2.85,-2.81
"2005-11",NA,NA,NA,NA,NA,2.11,0.8,-0.14,-0.68,-0.95,2.15,1,-0.21,-0.39,-0.88,NA,NA,NA,NA,NA,2.08,0.69,-0.34,-0.66,-0.81,2.5,0.77,-0.24,-0.53,-0.79,2.23,0.84,-0.22,-0.54,-0.87
"2005-12",NA,NA,NA,NA,NA,1.64,0.91,0.61,0.51,0.96,1.34,0.93,0.6,0.66,0.75,NA,NA,NA,NA,NA,1.49,0.8,0.56,0.42,0.63,1.85,0.83,0.63,0.39,0.74,1.65,0.89,0.61,0.49,0.81
"2006-01",NA,NA,NA,NA,NA,7.06,5.29,4.02,2.84,1.81,7.03,5.55,4.35,3.13,2.03,NA,NA,NA,NA,NA,7.48,5.48,4.27,2.96,1.88,7.39,5.38,4.25,2.73,1.76,7.22,5.46,4.25,2.9,1.83
"2006-02",NA,NA,NA,NA,NA,0.75,0.75,0.61,0.6,0.49,0.73,0.78,0.65,0.66,0.42,NA,NA,NA,NA,NA,0.68,0.87,0.76,0.74,0.35,0.74,0.82,0.72,0.66,0.36,0.72,0.8,0.67,0.64,0.4
"2006-03",NA,NA,NA,NA,NA,1.27,1.14,0.98,0.65,0.27,1.44,1.18,1.02,0.66,0.12,NA,NA,NA,NA,NA,1.45,1.3,1.04,0.7,0.19,1.25,1.3,1.03,0.65,0.25,1.34,1.24,1.03,0.67,0.23
"2006-04",NA,NA,NA,NA,NA,3.19,2.18,1.37,0.78,0,3.07,2.24,1.35,0.73,0.18,NA,NA,NA,NA,NA,3.1,2.26,1.52,0.83,0.27,3.3,2.24,1.38,0.73,0.05,3.23,2.26,1.4,0.76,0.08
"2006-05",NA,NA,NA,NA,NA,-3.84,-2.96,-1.95,-1.13,-0.05,-3.96,-3.15,-2.32,-1.49,-0.35,NA,NA,NA,NA,NA,-3.9,-3.16,-2.16,-1.32,-0.33,-4.02,-3.14,-2.13,-1.22,-0.26,-3.94,-3.14,-2.17,-1.31,-0.24
"2006-06",NA,NA,NA,NA,NA,-3.48,-2.49,-1.4,-0.72,0.12,-3.66,-2.74,-1.69,-0.85,0.06,NA,NA,NA,NA,NA,-3.33,-2.6,-1.65,-0.8,0.1,-3.44,-2.53,-1.56,-0.91,-0.04,-3.52,-2.59,-1.56,-0.84,0.03
"2006-07",NA,NA,NA,NA,NA,2.52,2.02,1.51,1.19,0.99,2.42,1.93,1.61,1.24,1.04,NA,NA,NA,NA,NA,2.3,1.85,1.45,1.1,0.99,2.25,1.78,1.48,1.09,0.93,2.4,1.9,1.53,1.17,0.99
"2006-08",NA,NA,NA,NA,NA,1.72,1.44,1.08,0.76,0.62,1.54,1.3,1.1,0.86,0.7,NA,NA,NA,NA,NA,1.63,1.31,1.03,0.67,0.52,1.61,1.29,0.98,0.69,0.67,1.63,1.32,1.02,0.73,0.65
"2006-09",NA,NA,NA,NA,NA,0.98,1.03,0.93,0.75,0.54,1.06,1.04,1.03,0.9,0.52,NA,NA,NA,NA,NA,0.97,1.04,0.87,0.66,0.24,0.9,1.02,0.9,0.68,0.26,0.96,1.02,0.94,0.74,0.4
"2006-10",NA,NA,NA,NA,NA,2.87,2.58,2.11,1.57,1.34,3.17,2.82,2.43,1.98,1.24,NA,NA,NA,NA,NA,3.19,2.91,2.32,1.76,1.32,2.94,2.69,2.16,1.8,1.35,3.01,2.73,2.25,1.8,1.33
"2006-11",NA,NA,NA,NA,NA,2.8,2.51,2.3,1.61,0.95,2.88,2.56,2.31,1.8,1.06,NA,NA,NA,NA,NA,2.87,2.68,2.27,1.7,0.9,3.06,2.66,2.34,1.75,0.98,2.93,2.59,2.32,1.74,1.01
"2006-12",NA,NA,NA,NA,NA,4.61,3.89,3.02,1.86,0.5,4.94,4.2,3.33,2.07,0.69,NA,NA,NA,NA,NA,5.1,4.51,3.42,2.25,0.52,4.84,4.15,3.27,1.91,0.34,4.8,4.11,3.23,1.96,0.5
"2007-01",NA,NA,NA,NA,NA,1.66,1.7,1.4,0.9,0.15,1.89,1.85,1.64,1.23,0.18,NA,NA,NA,NA,NA,1.79,1.89,1.56,1.1,0.17,1.7,1.69,1.3,0.9,0.08,1.73,1.75,1.45,1,0.12
"2007-02",NA,NA,NA,NA,NA,2.12,1.85,1.51,0.84,0.49,2.31,1.77,1.28,0.76,0.29,NA,NA,NA,NA,NA,2.54,1.96,1.41,0.87,0.35,2.35,1.84,1.29,0.81,0.42,2.27,1.82,1.33,0.81,0.39
"2007-03",NA,NA,NA,NA,NA,-0.36,0.01,0.42,0.68,0.83,-0.29,0.08,0.52,0.68,1.05,NA,NA,NA,NA,NA,-0.51,0.02,0.45,0.73,0.87,-0.37,-0.04,0.42,0.71,0.7,-0.37,0.03,0.47,0.71,0.86
"2007-04",NA,NA,NA,NA,NA,4.51,3.62,2.86,1.69,0.41,4.45,3.92,3.25,2.32,0.67,NA,NA,NA,NA,NA,4.32,4.17,3.34,2.13,0.35,4.45,3.66,3.03,1.95,0.44,4.46,3.78,3.09,2.04,0.49
"2007-05",NA,NA,NA,NA,NA,1,0.66,0.03,-0.47,-1.4,0.82,0.65,-0.04,-0.54,-1.24,NA,NA,NA,NA,NA,0.76,0.72,0.01,-0.54,-1.45,0.85,0.49,-0.23,-0.65,-1.5,0.92,0.62,-0.1,-0.57,-1.36
"2007-06",NA,NA,NA,NA,NA,2.31,1.6,1.27,0.59,-0.51,2.53,2.08,1.67,1.03,-0.45,NA,NA,NA,NA,NA,2.21,2.17,1.72,1.17,-0.21,2.47,2.06,1.57,0.91,-0.38,2.44,1.96,1.55,0.89,-0.41
"2007-07",NA,NA,NA,NA,NA,-0.69,-0.66,-0.51,-0.16,0.72,-0.67,-0.81,-0.81,-0.56,0.7,NA,NA,NA,NA,NA,-0.66,-0.9,-0.87,-0.56,0.6,-0.39,-0.8,-0.68,-0.26,0.77,-0.56,-0.74,-0.68,-0.35,0.76
"2007-08",NA,NA,NA,NA,NA,-2.41,-1.96,-1.39,-0.6,0.62,-2.47,-2.07,-1.5,-0.65,0.55,NA,NA,NA,NA,NA,-2.63,-2.37,-1.59,-0.73,0.42,-2.38,-2.14,-1.47,-0.62,0.48,-2.52,-2.11,-1.48,-0.65,0.53
"2007-09",NA,NA,NA,NA,NA,3.38,2.19,1.14,0.33,-0.03,3.6,2.28,1.08,0.25,-0.21,NA,NA,NA,NA,NA,3.01,2.33,1.26,0.31,-0.02,4.41,2.49,1.17,0.38,-0.04,3.78,2.35,1.14,0.33,-0.07
"2007-10",NA,NA,NA,NA,NA,4.92,3.52,2.64,1.46,0.41,4.93,4,3.26,2.11,0.67,NA,NA,NA,NA,NA,4.6,4.09,3.33,1.99,0.39,5.22,4.06,3.01,1.8,0.43,5,3.97,3.06,1.85,0.48
"2007-11",NA,NA,NA,NA,NA,-5.75,-4.41,-3.18,-1.73,0.16,-5.6,-4.76,-3.92,-2.32,0.38,NA,NA,NA,NA,NA,-5.47,-4.88,-3.91,-2.35,-0.06,-5.47,-4.86,-3.55,-1.97,0.14,-5.64,-4.75,-3.64,-2.08,0.22
"2007-12",NA,NA,NA,NA,NA,-1.29,-1.13,-0.87,-0.56,-0.13,-1.17,-1,-1.04,-0.68,0.01,NA,NA,NA,NA,NA,-1.36,-1.24,-1.09,-0.64,-0.12,-1.6,-1.14,-1.2,-0.6,-0.25,-1.36,-1.09,-1.09,-0.65,-0.14
"2008-01",NA,NA,NA,NA,NA,-9.75,-7.15,-4.7,-2.56,0.51,-9.42,-7.26,-5.42,-2.75,0.44,NA,NA,NA,NA,NA,-10.21,-7.36,-5.86,-3.19,0.35,-9.47,-7.1,-5.4,-2.68,0.61,-9.6,-7.24,-5.34,-2.76,0.55
"2008-02",NA,NA,NA,NA,NA,4.75,3.87,2.85,1.99,0.93,4.63,3.95,3.19,2.41,1.12,NA,NA,NA,NA,NA,5.06,3.61,3.06,2.21,0.93,4.63,3.91,2.96,2.13,0.98,4.76,3.95,3.02,2.2,1.03
"2008-03",NA,NA,NA,NA,NA,-4.19,-2.93,-1.6,-0.44,0.65,-4.03,-2.61,-1.21,-0.2,0.93,NA,NA,NA,NA,NA,-5.04,-3.08,-1.52,-0.37,0.64,-4.74,-2.94,-1.62,-0.21,0.29,-4.38,-2.87,-1.52,-0.35,0.65
"2008-04",4.65,3.38,2.33,1.26,0,4.64,3.56,2.55,1.46,0.13,4.5,3.32,2.49,1.42,0.03,NA,NA,NA,NA,NA,4.96,3.49,2.51,1.29,0.03,4.11,3,2.19,1.01,0,4.47,3.29,2.37,1.24,0.03
"2008-05",3.33,2.24,1.38,0.37,-1.71,3.17,2.21,1.38,0.47,-1.28,3.23,2.27,1.54,0.42,-1.39,NA,NA,NA,NA,NA,3.77,2.55,1.65,0.85,-0.78,3.13,2.22,1.28,0.38,-1.3,3.22,2.24,1.39,0.43,-1.4
"2008-06",-4.07,-3.2,-2.19,-1.38,-0.72,-4.13,-3.2,-2.05,-1.11,-0.57,-3.96,-2.85,-1.51,-0.8,0.09,NA,NA,NA,NA,NA,-4.01,-2.69,-1.59,-0.64,-0.54,-4.32,-3.39,-2.2,-1.51,-0.74,-4.13,-3.15,-1.98,-1.22,-0.44
"2008-07",-4.92,-3.69,-2.32,-1.19,0.54,-4.88,-3.66,-2.14,-0.97,0.32,-4.58,-3.2,-2.07,-0.91,0.44,NA,NA,NA,NA,NA,-5.08,-3.73,-2.25,-1.27,0.25,-4.37,-3.28,-2.09,-0.88,0.41,-4.68,-3.44,-2.15,-0.99,0.43
"2008-08",-4.78,-3.43,-2.31,-1.29,0.13,-4.75,-3.45,-2.07,-0.97,-0.01,-4.61,-3.32,-2,-0.83,0.32,NA,NA,NA,NA,NA,-4.7,-2.91,-1.86,-0.83,0.03,-4.85,-3.48,-2.19,-0.91,0.14,-4.75,-3.41,-2.14,-0.99,0.16
"2008-09",-11.65,-8.79,-5.43,-3.38,-1,-11.71,-9.14,-5.94,-3.82,-1.23,-11.77,-8.65,-5.6,-3.74,-1.27,NA,NA,NA,NA,NA,-10.97,-8.14,-4.91,-2.93,-1.01,-12.01,-8.81,-5.46,-3.25,-1.15,-11.78,-8.81,-5.55,-3.47,-1.17
"2008-10",-20.14,-13.39,-8,-3.89,-0.36,-22.44,-15.16,-8.84,-4.85,-1.63,-20.86,-14.14,-7.59,-3.66,-0.79,NA,NA,NA,NA,NA,-20.46,-13.96,-7.3,-3.66,-1.05,-21.65,-14.4,-7.93,-3.95,-0.67,-21.28,-14.25,-8,-4,-0.84
"2008-11",-0.08,-0.61,-0.19,-0.32,-0.3,-0.08,-0.54,-0.45,-0.49,-0.06,-0.91,-0.79,-0.63,-0.47,-0.58,NA,NA,NA,NA,NA,0.12,-0.14,-0.55,-0.36,-0.19,-0.29,-0.37,-0.41,-0.16,-0.05,-0.32,-0.56,-0.43,-0.33,-0.27
"2008-12",1.96,0.66,0.25,0.38,0.84,1.68,0.84,0.17,0.22,0.12,1.27,0.75,0.17,0.1,0.38,NA,NA,NA,NA,NA,1.58,0.42,-0.07,-0.18,0.21,1.2,0.38,-0.01,-0.17,0.2,1.52,0.63,0.12,0.08,0.38
"2009-01",0.01,1.07,1.81,2.58,2.8,0.38,1.7,2.3,2.63,2.9,0.24,1.52,2.17,2.69,2.9,NA,NA,NA,NA,NA,-0.2,0.99,1.78,2.06,2.22,0.29,1.48,2.28,2.8,2.92,0.23,1.43,2.14,2.66,2.87
"2009-02",-2.62,-0.84,0.81,2.29,3.3,-3,-1.12,0.67,1.82,3.57,-2.53,-0.74,0.62,1.87,2.93,NA,NA,NA,NA,NA,-3.3,-1.48,0.39,1.7,2.72,-2.54,-0.81,0.95,2.05,3.28,-2.68,-0.87,0.77,2.01,3.23
"2009-03",4.1,2.55,0.79,0.01,-0.45,4.19,2.51,1.27,0.23,-0.07,4.49,2.53,1.11,0.58,0.24,NA,NA,NA,NA,NA,4.8,2.54,1.14,0.59,0.21,4.21,2.44,0.94,0.04,-0.38,4.25,2.5,1.01,0.21,-0.13
"2009-04",8.67,6.33,3.76,2.23,0.68,9.05,6.24,4.04,2.59,0.68,9.16,6.66,4.2,2.36,0.75,NA,NA,NA,NA,NA,9.74,6.64,4.05,2.32,0.48,9.09,6.53,3.9,2.21,0.71,9.01,6.47,3.97,2.31,0.7
"2009-05",9.64,6.34,2.99,0.31,-2.47,9.13,6.23,2.87,0.37,-2.59,9.62,6.24,3.23,0.38,-2.02,NA,NA,NA,NA,NA,10.23,6.84,3.22,0.74,-1.55,9.53,6.16,2.83,0.18,-2.48,9.5,6.25,2.98,0.31,-2.34
"2009-06",0.35,0.8,1.03,1.36,1.75,0.33,0.94,1.24,1.55,1.91,0.66,0.89,1.08,1.14,1.36,NA,NA,NA,NA,NA,0.86,1.21,1.04,0.97,1.02,0.48,0.9,1.15,1.25,1.39,0.46,0.89,1.12,1.29,1.57
"2009-07",6.35,4.93,3.54,2.39,1.01,6.57,5.09,3.65,2.41,0.95,6.42,4.79,3.41,2.21,0.89,NA,NA,NA,NA,NA,6.1,4.48,2.92,1.75,0.63,6.56,4.88,3.38,2.14,0.89,6.47,4.9,3.45,2.24,0.92
"2009-08",2.32,1.6,1.07,0.81,0.62,2.29,1.72,1.14,0.91,0.74,2.29,1.56,1.03,0.64,0.48,NA,NA,NA,NA,NA,1.6,1.25,0.83,0.6,0.33,2.16,1.56,1.01,0.66,0.48,2.25,1.59,1.04,0.73,0.56
"2009-09",5.34,4.4,3.4,2.7,1.93,4.99,3.98,2.97,2.28,1.54,5.08,4.11,3.13,2.42,1.76,NA,NA,NA,NA,NA,4.85,3.91,2.79,2.03,1.24,4.99,4.1,3.18,2.47,1.5,5.09,4.14,3.16,2.46,1.68
"2009-10",-0.46,-0.28,-0.4,-0.27,-0.15,-0.35,-0.42,-0.47,-0.33,0.13,-0.41,-0.32,-0.48,-0.26,-0.23,NA,NA,NA,NA,NA,-0.19,-0.25,-0.39,-0.35,-0.25,-0.5,-0.3,-0.48,-0.39,-0.34,-0.43,-0.32,-0.46,-0.32,-0.16
"2009-11",-1.54,-1.6,-1.68,-1.45,-1.33,-1.57,-1.55,-1.82,-1.54,-1.35,-1.13,-1.11,-1.45,-1.13,-1.26,NA,NA,NA,NA,NA,-1.06,-0.91,-1.38,-1.21,-1.13,-1.39,-1.25,-1.43,-1.19,-1.25,-1.41,-1.34,-1.56,-1.29,-1.29
"2009-12",4.63,3.88,2.95,1.87,0.78,4.83,4.12,3.3,2,0.78,4.79,3.91,2.97,1.73,0.35,NA,NA,NA,NA,NA,4.7,3.75,2.88,1.72,0.54,4.84,3.85,2.89,1.8,0.52,4.77,3.92,2.99,1.83,0.58
"2010-01",-0.19,0.52,1.15,1.13,1.03,-0.19,0.46,1.19,1.21,0.94,-0.46,0.49,1.38,1.21,1.4,NA,NA,NA,NA,NA,-0.91,0.19,1.25,1.36,1.11,-0.49,0.24,1.01,1.05,1.15,-0.35,0.41,1.18,1.14,1.15
"2010-02",-0.79,-0.38,0,0.4,1.23,-0.58,-0.13,0.06,0.48,1.06,-0.38,-0.15,-0.09,0.21,1.04,NA,NA,NA,NA,NA,-0.62,-0.19,0.07,0.24,0.97,-0.49,-0.13,0.04,0.41,1.1,-0.57,-0.19,0,0.37,1.1
"2010-03",4.78,3.49,2.44,1.76,1.2,4.97,3.57,2.45,1.63,1.02,5.09,3.79,2.56,1.78,0.91,NA,NA,NA,NA,NA,4.87,3.38,2.04,1.38,0.84,5,3.53,2.3,1.53,0.82,4.96,3.6,2.41,1.65,0.97
"2010-04",0.64,0.66,0.64,0.58,0.65,0.55,0.55,0.65,0.61,0.69,0.54,0.4,0.4,0.53,0.41,NA,NA,NA,NA,NA,0.51,0.41,0.41,0.32,0.44,0.61,0.57,0.54,0.5,0.54,0.58,0.54,0.54,0.54,0.56
"2010-05",-6.69,-4.87,-2.98,-1.67,0.96,-5.95,-3.91,-2.27,-1.23,0.73,-6.03,-4.05,-2.5,-1.35,0.78,NA,NA,NA,NA,NA,-6.39,-4.5,-2.42,-1.55,0.89,-6.53,-4.56,-2.84,-1.68,0.53,-6.31,-4.36,-2.67,-1.53,0.75
"2010-06",2.25,2.1,1.6,1.11,0.12,2.39,2.11,1.53,0.96,0.02,2.09,1.99,1.4,0.79,-0.13,NA,NA,NA,NA,NA,1.79,1.8,1.57,1.03,-0.02,2.07,2.11,1.46,0.9,0.1,2.19,2.07,1.49,0.94,0.01
"2010-07",4.29,3.59,2.63,1.91,1,4.51,3.57,2.89,2.12,1.12,4.61,3.6,2.59,1.82,1.06,NA,NA,NA,NA,NA,4.96,3.94,2.88,1.87,0.84,4.69,3.64,2.68,1.93,0.94,4.54,3.61,2.69,1.93,1.03
"2010-08",-2.51,-1.46,-0.7,-0.21,1.19,-2.57,-1.36,-0.59,-0.25,0.98,-2.44,-1.33,-0.45,-0.07,1.6,NA,NA,NA,NA,NA,-2.53,-1.59,-0.76,-0.72,0.58,-2.75,-1.52,-0.72,-0.15,1,-2.57,-1.42,-0.63,-0.19,1.2
"2010-09",5.76,4.26,2.37,1.06,-1.27,5.53,3.8,2.08,0.65,-1.42,5.83,4.22,2.35,0.85,-1.36,4.86,3.57,1.32,1.41,0.74,6.13,4.37,2.5,1,-1.12,6,4.33,2.39,0.9,-1.27,5.79,4.18,2.32,0.89,-1.33
"2010-10",3.22,2.5,1.58,1.04,-0.23,3.46,2.7,1.76,0.97,-0.46,3.3,2.62,1.56,0.82,-0.66,3.2,2.51,1.51,1.2,0.92,3.3,2.65,1.66,1.13,-0.42,3.55,2.77,1.64,0.8,-0.66,3.39,2.65,1.63,0.9,-0.51
"2010-11",-1.38,-0.84,-0.33,-0.05,1,-1.23,-0.6,-0.12,0.25,1.34,-1.24,-0.68,-0.31,-0.18,1.08,-1.11,-0.63,0.14,0.4,1.9,-1.28,-0.88,-0.46,-0.3,1.07,-1.36,-0.81,-0.39,-0.14,0.96,-1.3,-0.74,-0.31,-0.07,1.09
"2010-12",1.29,0.72,0.33,0.23,0.25,1.29,0.76,0.32,0.33,0.66,1.5,0.88,0.58,0.5,0.7,0.94,0.57,0.18,0.31,0.53,1.39,0.84,0.28,0.05,0.19,1.45,0.86,0.46,0.34,0.46,1.38,0.81,0.43,0.34,0.52
"2011-01",0.07,-0.01,-0.08,0.1,-1.3,0.36,0.11,-0.14,-0.01,-1.45,-0.29,-0.35,-0.5,-0.53,-1.96,-0.16,-0.19,-0.23,-0.31,-0.09,0.18,0.16,0.02,0.39,-0.89,-0.04,-0.2,-0.22,0.03,-1.17,0.03,-0.13,-0.24,-0.07,-1.48
"2011-02",-2.78,-2.28,-1.43,-0.27,1.51,-2.59,-2.03,-1.28,-0.03,1.31,-2.2,-1.84,-1.16,-0.02,1.57,-2.68,-2.24,-1.52,-0.29,0.64,-2.83,-2.32,-1.54,-0.52,1.06,-2.57,-2.09,-1.3,-0.24,1.26,-2.54,-2.06,-1.3,-0.18,1.41
"2011-03",3.82,3.29,2.83,1.88,1.57,3.69,3.3,2.77,1.91,1.64,4,3.35,3.03,2.29,1.92,4.06,3.37,2.77,1.72,0.83,4.21,3.39,2.94,2.07,1.45,3.9,3.36,2.83,2.06,1.74,3.86,3.33,2.87,2.04,1.72
"2011-04",0.46,0.54,0.58,0.43,0.47,0.44,0.5,0.48,0.37,0.43,0.41,0.57,0.65,0.35,0.48,0.16,0.36,0.5,0.38,0.4,0.61,0.74,0.66,0.22,0.14,0.35,0.46,0.55,0.35,0.53,0.42,0.52,0.57,0.37,0.47
"2011-05",-1.26,-0.6,-0.2,-0.02,0.1,-1.32,-0.66,-0.24,-0.06,0.14,-1.24,-0.6,-0.23,-0.07,0.02,-1.08,-0.54,-0.18,-0.05,0.12,-1.35,-0.67,-0.24,-0.01,0.12,-1.26,-0.67,-0.2,-0.04,0.07,-1.27,-0.63,-0.22,-0.05,0.08
"2011-06",-1.33,-1.19,-0.82,-0.5,-0.46,-1.4,-1.3,-1.09,-0.91,-2.03,-1.28,-1.39,-0.89,-0.59,-0.59,-0.91,-0.89,-0.18,-0.31,-0.11,-1.29,-1.18,-0.86,-0.64,-0.64,-1.36,-1.26,-0.88,-0.61,-1.46,-1.34,-1.28,-0.91,-0.63,-1.11
"2011-07",-2.23,-1.81,-1.36,-0.72,0.21,-2.21,-1.89,-1.51,-0.72,0.47,-2.25,-1.83,-1.41,-0.73,0.36,-2.6,-2.13,-1.48,-0.75,0.06,-2.15,-1.87,-1.76,-0.95,0.16,-2.23,-1.85,-1.56,-0.82,0.45,-2.23,-1.85,-1.48,-0.76,0.37
"2011-08",-6.48,-4.15,-1.96,-0.09,3.31,-6.01,-3.7,-1.25,0.14,3.12,-6.41,-3.92,-1.39,0.74,3.84,-6.23,-4.19,-2.55,-0.49,1.74,-6.3,-4.21,-2.04,-0.15,2.67,-6.42,-4.04,-1.73,0.3,3.3,-6.33,-3.96,-1.61,0.26,3.4
"2011-09",-4.4,-3.42,-2.19,-1.06,-0.42,-4.63,-3.36,-2.27,-0.82,0.39,-4.5,-3.08,-1.96,-0.67,-0.26,-3.64,-2.51,-1.43,-0.29,0.44,-4.74,-3.3,-1.73,-0.32,0.14,-4.39,-3.13,-1.87,-0.51,0.07,-4.49,-3.23,-2.03,-0.72,-0.05
"2011-10",5.89,3.93,1.65,-0.29,-2.23,5.98,3.85,1.66,0.03,-1.87,6.15,3.79,1.6,-0.15,-1.89,6.53,4.44,2.18,0.42,-1.11,6.65,4.21,1.94,0.02,-1.76,5.36,3.25,0.97,-0.8,-2.13,5.85,3.69,1.43,-0.36,-2
"2011-11",-4.02,-2.8,-1.68,-0.58,0.66,-3.37,-2.22,-1.29,-0.48,0.65,-3.51,-2.34,-1.27,-0.37,0.67,-3.64,-2.42,-1.39,-0.45,0.48,-4.18,-2.89,-1.55,-0.46,0.55,-3.78,-2.61,-1.5,-0.42,0.7,-3.68,-2.5,-1.44,-0.46,0.67
"2011-12",0.59,0.61,0.56,0.65,0.89,0.53,0.52,0.47,0.43,0.68,0.57,0.55,0.53,0.6,0.67,1.02,0.89,0.68,0.76,0.72,0.81,0.82,0.7,0.62,0.69,0.83,0.77,0.76,0.76,0.87,0.64,0.63,0.6,0.64,0.76
"2012-01",2.57,1.87,1.44,1.2,1.06,2.45,1.76,1.35,1.22,1.32,2.64,1.82,1.49,1.25,1.31,2.03,1.59,1.34,1.27,1.35,3.04,2.2,1.53,1.13,1.13,2.44,1.77,1.36,1.2,1.25,2.53,1.81,1.41,1.21,1.24
"2012-02",3.76,2.84,1.76,0.59,-0.52,3.66,2.66,1.59,0.4,-0.8,3.72,2.76,1.64,0.54,-0.58,3.83,2.97,2.03,0.69,-0.3,3.98,2.9,1.79,0.55,-0.66,3.77,2.76,1.66,0.47,-0.63,3.73,2.76,1.67,0.51,-0.64
"2012-03",0.19,0.19,0.19,0.02,-0.3,0.25,0.26,0.12,-0.1,-0.62,0.33,0.3,0.27,0.06,-0.39,0.12,0.21,0.23,0.14,-0.17,0.17,0.14,0.16,0,-0.55,0.03,0.15,0.1,-0.11,-0.73,0.2,0.22,0.17,-0.03,-0.51
"2012-04",-1.21,-0.68,-0.17,0,0.44,-1.19,-0.75,-0.25,0.06,0.49,-1.08,-0.57,-0.2,0.04,0.55,-0.93,-0.65,-0.22,0.09,0.37,-1.06,-0.55,-0.05,0.14,0.53,-1.38,-0.83,-0.3,0,0.44,-1.21,-0.7,-0.23,0.02,0.49
"2012-05",-4.46,-2.99,-1.36,0.07,1.31,-4.3,-2.86,-1.37,0.04,1.24,-4.44,-2.91,-1.33,0.09,1.43,-4.68,-3.13,-1.54,-0.16,1.05,-4.33,-2.89,-1.38,0.16,1.34,-4.4,-2.93,-1.3,0.08,1.45,-4.4,-2.92,-1.34,0.07,1.35
"2012-06",0.03,-0.04,0.06,-0.02,0.01,0.18,0.16,0.2,-0.03,-0.02,0.03,-0.02,0.13,0.01,0.02,0.3,0.13,0.29,0.11,-0.04,-0.04,0.03,0.1,-0.03,0,0.23,0.14,0.26,0.14,0.17,0.12,0.06,0.17,0.04,0.03
"2012-07",0.09,-0.31,-0.36,-0.19,0.14,-0.06,-0.33,-0.4,-0.17,0.2,0.09,-0.21,-0.28,-0.09,0.19,0.37,0,-0.04,0.07,0.16,0.3,0,-0.12,-0.03,0.18,0.06,-0.2,-0.33,-0.01,0.35,0.05,-0.24,-0.33,-0.1,0.21
"2012-08",-0.15,-0.02,0.21,0.6,0.86,0.03,0.07,0.36,0.75,1,-0.15,-0.15,0.24,0.72,1,-0.1,0.07,0.36,0.73,0.94,0.05,0.15,0.37,0.72,0.88,-0.01,0.04,0.31,0.65,0.91,-0.06,-0.02,0.28,0.68,0.95
"2012-09",2.54,1.9,1.28,0.72,0.22,2.31,1.71,1.11,0.59,0.14,2.28,1.74,1.17,0.66,0.14,2.28,1.61,1.1,0.6,0.16,2.28,1.67,1.11,0.58,0.23,2.5,1.81,1.17,0.63,0.15,2.4,1.79,1.18,0.65,0.16
"2012-10",0.5,0.42,0.42,0.13,-0.24,0.44,0.38,0.37,0.1,-0.19,0.58,0.5,0.42,0.12,-0.27,0.22,0.27,0.23,0.11,-0.13,0.41,0.42,0.42,0.18,-0.23,0.49,0.49,0.37,0.1,-0.33,0.5,0.45,0.39,0.12,-0.25
"2012-11",-0.9,-0.88,-0.63,-0.43,-0.14,-0.81,-0.8,-0.56,-0.38,-0.13,-0.89,-0.8,-0.58,-0.36,-0.13,-0.94,-0.9,-0.59,-0.34,-0.14,-0.81,-0.77,-0.58,-0.35,-0.12,-0.78,-0.77,-0.54,-0.22,0.07,-0.84,-0.81,-0.57,-0.33,-0.1
"2012-12",3.18,2.48,1.75,0.94,0.17,3.12,2.49,1.72,0.95,0.14,3.15,2.48,1.74,0.95,0.26,3.12,2.47,1.73,0.85,0.17,2.9,2.31,1.58,0.84,0.21,3.24,2.61,1.85,0.96,0.2,3.17,2.51,1.77,0.95,0.19
"2013-01",3.68,2.82,1.79,0.84,0.16,3.8,3.07,2.04,1.11,0.09,3.77,2.84,1.86,0.9,-0.09,3.49,2.8,1.92,1.02,0.38,3.53,2.73,1.75,0.89,0.05,3.43,2.57,1.54,0.71,0,3.67,2.8,1.77,0.86,0.03
"2013-02",-0.33,-0.17,0.12,0.39,0.63,-0.3,-0.14,0.15,0.41,0.7,-0.33,-0.11,0.2,0.45,0.77,-0.48,-0.24,0.09,0.45,0.75,-0.37,-0.16,0.17,0.46,0.65,-0.4,-0.32,0.06,0.39,0.71,-0.34,-0.19,0.13,0.41,0.71
"2013-03",-0.08,-0.1,0.12,0.22,0.22,-0.04,-0.01,0.24,0.34,0.34,-0.04,-0.05,0.17,0.31,0.29,-0.37,-0.31,-0.11,0.12,0.14,-0.22,-0.22,0.01,0.16,0.31,-0.08,-0.15,0.06,0.14,0.17,-0.06,-0.09,0.13,0.23,0.27
"2013-04",-0.64,-0.63,-0.05,0.43,0.7,-0.45,-0.53,0,0.61,0.83,-0.3,-0.39,0.1,0.63,0.75,-0.62,-0.61,-0.29,0.34,0.28,-0.46,-0.44,0.09,0.49,0.81,-0.35,-0.37,0.2,0.73,0.93,-0.44,-0.47,0.08,0.61,0.79
"2013-05",2.51,1.54,1.18,0.9,0.58,2.42,1.49,1.37,0.91,0.49,2.39,1.58,1.27,0.94,0.51,2.48,1.47,1.1,0.86,0.39,2.85,1.75,1.27,0.95,0.53,2.37,1.54,1.31,0.98,0.64,2.43,1.54,1.28,0.94,0.54
"2013-06",-4.1,-2.98,-1.83,-0.6,0.64,-4.09,-2.93,-1.73,-0.5,0.6,-3.93,-2.75,-1.58,-0.45,0.69,-4.09,-2.74,-1.46,-0.42,0.7,-3.93,-2.83,-1.72,-0.49,0.65,-4.04,-3.05,-1.83,-0.65,0.48,-4.04,-2.92,-1.74,-0.56,0.61
"2013-07",1.99,1.1,0.84,0.79,0.48,2.07,1.26,0.97,0.81,0.5,2.03,1.11,0.78,0.81,0.51,2.24,1.22,0.89,0.92,0.31,2.34,1.43,1.03,0.89,0.48,2.14,1.29,0.99,0.87,0.55,2.07,1.19,0.9,0.83,0.51
"2013-08",-3.71,-2.89,-1.92,-0.85,0.17,-3.8,-2.95,-1.98,-0.98,0.1,-3.7,-2.88,-1.95,-1.01,0.09,-3.64,-2.87,-1.91,-0.88,0.11,-3.64,-2.77,-1.77,-0.88,0.15,-3.78,-2.97,-1.87,-0.82,0.2,-3.74,-2.92,-1.92,-0.9,0.13
"2013-09",4.22,3.31,2.06,1.08,0.1,4.24,3.37,2.22,1.11,0.17,4.12,3.27,2.02,1.06,0.17,4.64,3.55,2.2,1.16,0.17,4.28,3.31,2.12,1.1,0.17,4.16,3.42,2.1,1.03,0.12,4.19,3.34,2.1,1.06,0.15
"2013-10",2.82,2.11,1.78,1.37,0.83,2.83,1.99,1.7,1.3,0.79,2.71,1.93,1.65,1.34,0.88,2.76,1.98,1.52,1.19,0.71,2.61,1.91,1.56,1.22,0.76,2.79,2.07,1.72,1.37,0.8,2.78,2.02,1.71,1.35,0.82
"2013-11",1.19,0.71,0.61,0.54,0.27,1.25,0.81,0.67,0.62,0.37,1.17,0.69,0.64,0.57,0.23,1.29,0.77,0.8,0.72,0.4,1.12,0.69,0.54,0.54,0.29,0.97,0.47,0.4,0.43,0.14,1.15,0.66,0.56,0.52,0.26
"2013-12",-0.84,-0.62,-0.38,-0.15,0.16,-0.62,-0.47,-0.28,0.05,0.18,-0.72,-0.53,-0.34,-0.03,0.1,-0.76,-0.52,-0.23,0.07,0.34,-0.75,-0.52,-0.24,0,0.18,-0.66,-0.48,-0.31,0,0.17,-0.71,-0.52,-0.32,-0.03,0.15
"2014-01",-1.78,-1.15,-0.18,0.69,1.16,-1.68,-1.07,-0.03,0.9,1.45,-1.87,-1.29,-0.23,0.61,1.32,-1.84,-1.24,-0.4,0.34,0.79,-1.65,-1.05,-0.15,0.75,1.24,-1.75,-1.08,0.02,0.82,1.29,-1.77,-1.16,-0.1,0.75,1.31
"2014-02",4.49,3.62,2.63,1.26,0.08,4.7,3.73,2.69,1.32,0.07,4.74,3.72,2.71,1.36,0.01,4.46,3.65,2.75,1.52,0.32,4.69,3.68,2.64,1.45,0.05,4.66,3.78,2.74,1.45,0.23,4.65,3.71,2.7,1.36,0.09
"2014-03",-0.74,-0.26,0.01,0.32,0.68,-0.73,-0.24,0.12,0.33,0.67,-0.67,-0.15,0.13,0.44,0.78,-0.52,-0.2,-0.04,0.29,0.62,-0.78,-0.36,-0.09,0.19,0.69,-0.69,-0.28,0.02,0.29,0.74,-0.7,-0.23,0.06,0.33,0.72
"2014-04",1.83,1.54,1.25,0.95,0.78,1.86,1.58,1.29,0.98,0.77,1.85,1.58,1.27,0.92,0.68,1.98,1.62,1.29,0.89,0.56,1.83,1.56,1.25,0.96,0.64,1.81,1.55,1.27,0.9,0.69,1.84,1.56,1.27,0.93,0.73
"2014-05",0.51,0.35,0.32,0.31,0.26,0.51,0.41,0.35,0.33,0.28,0.39,0.26,0.28,0.23,0.16,0.32,0.31,0.32,0.37,0.34,0.41,0.26,0.25,0.16,0.1,0.58,0.38,0.22,0.15,0.1,0.49,0.34,0.28,0.24,0.21
"2014-06",1.21,0.88,0.91,0.75,0.61,1.18,0.93,1,0.97,0.81,1.18,0.89,0.93,0.88,0.85,1.12,0.75,0.6,0.43,0.19,1.19,0.89,0.79,0.68,0.64,1.15,0.91,0.91,0.79,0.64,1.18,0.9,0.93,0.82,0.74
"2014-07",3.46,2.87,2.34,1.6,1.08,3.48,2.81,2.3,1.48,0.92,3.39,2.86,2.29,1.53,0.92,3.33,2.75,2.1,1.37,0.79,3.3,2.75,2.14,1.47,0.88,3.4,2.89,2.4,1.56,0.97,3.43,2.85,2.33,1.54,0.96
"2014-08",3.78,3.24,3.12,2.78,2.77,3.87,3.3,3.33,2.92,2.63,3.76,3.19,3.21,2.86,2.63,3.58,3,2.61,2.23,1.64,3.67,3.21,2.92,2.7,2.39,3.79,3.34,3.36,3.02,2.8,3.8,3.25,3.25,2.9,2.67
"2014-09",-2.62,-2.17,-1.91,-1.74,-1.68,-2.52,-2.1,-1.99,-1.66,-1.76,-2.49,-2.01,-1.93,-1.74,-1.83,-2.35,-1.81,-1.41,-1.11,-0.73,-2.51,-2.02,-1.66,-1.45,-1.2,-2.44,-2.07,-1.83,-1.53,-1.45,-2.51,-2.07,-1.89,-1.64,-1.68
"2014-10",-3.92,-2.74,-1.76,-0.86,0.22,-3.99,-2.87,-1.68,-0.73,0.52,-3.96,-2.83,-1.64,-0.64,0.56,-4.13,-3.1,-2.22,-1.22,-0.06,-4.03,-2.99,-1.95,-1.07,-0.05,-4.12,-2.82,-1.67,-0.7,0.5,-4,-2.83,-1.7,-0.75,0.45
"2014-11",4.25,3.16,2.32,1.33,0.25,4.29,3.22,2.45,1.38,0.39,4.31,3.24,2.45,1.49,0.48,4.25,3.07,2.17,1.12,0.19,4.09,3.04,2.13,1.25,0.25,4.31,3.21,2.27,1.19,0.18,4.29,3.2,2.35,1.32,0.34
"2014-12",-1.79,-1.34,-0.68,-0.33,0.11,-1.68,-1.29,-0.67,-0.31,0.01,-1.71,-1.22,-0.66,-0.28,0.23,-1.66,-1.25,-0.77,-0.39,0.11,-1.77,-1.42,-0.88,-0.5,0,-1.7,-1.29,-0.65,-0.3,0.07,-1.72,-1.28,-0.67,-0.31,0.1
"2015-01",3.23,2.67,2.28,1.79,1.02,3.16,2.75,2.44,1.93,1.17,3.1,2.65,2.46,2.03,1.18,2.48,2.22,1.99,1.61,0.88,2.84,2.47,2.12,1.77,0.98,3.03,2.62,2.31,1.84,1.17,3.11,2.64,2.35,1.89,1.14
"2015-02",1.41,1.28,1.14,1.04,0.81,1.42,1.24,1.15,1.09,0.84,1.34,1.14,1.02,0.99,0.9,1.58,1.39,1.26,1.13,1.03,1.51,1.29,1.17,0.98,0.75,1.41,1.14,0.99,0.96,0.78,1.4,1.2,1.07,1.01,0.84
"2015-03",0.22,0.14,0.26,0.14,-0.06,0.31,0.22,0.25,0.19,-0.12,0.16,0.11,0.12,-0.04,-0.36,0.16,0.15,0.41,0.4,0.21,-0.02,0.02,0.15,0.09,-0.06,0.09,0.05,0.14,0.1,-0.15,0.19,0.12,0.18,0.09,-0.17
"2015-04",0.59,0.41,0.01,-0.5,-0.64,0.59,0.39,0,-0.49,-0.66,0.71,0.5,0.12,-0.4,-0.51,0.78,0.44,-0.02,-0.4,-0.6,0.7,0.46,0.07,-0.49,-0.63,0.79,0.54,0.02,-0.47,-0.6,0.67,0.47,0.04,-0.47,-0.6
"2015-05",0.14,-0.12,-0.39,-0.46,-0.81,0.23,-0.05,-0.29,-0.46,-0.91,0.27,-0.07,-0.32,-0.43,-0.95,0.29,0,-0.08,-0.11,-0.32,0.06,-0.13,-0.26,-0.32,-0.62,0.19,-0.15,-0.38,-0.44,-0.78,0.21,-0.1,-0.34,-0.44,-0.86
"2015-06",-1.37,-1.25,-0.93,-0.51,-0.22,-1.48,-1.26,-0.93,-0.49,-0.3,-1.27,-1.09,-0.78,-0.35,-0.3,-1.39,-1.1,-0.67,-0.17,-0.01,-1.51,-1.27,-0.94,-0.43,-0.22,-1.56,-1.42,-1.16,-0.71,-0.52,-1.42,-1.25,-0.96,-0.53,-0.33
"2015-07",2.87,2.13,2.02,1.95,1.54,2.77,2.14,2.06,2.01,1.61,2.85,2.19,2.15,2.08,1.7,2.59,1.95,1.77,1.66,1.03,2.47,1.79,1.65,1.72,1.17,2.81,2.19,2.06,2.08,1.53,2.81,2.15,2.06,2.02,1.59
"2015-08",-3.6,-2.3,-1.13,-0.24,0.54,-3.45,-2.15,-1,-0.09,0.66,-3.61,-2.35,-1.06,-0.16,0.54,-3.72,-2.46,-1.32,-0.36,0.33,-3.62,-2.34,-1.24,-0.29,0.36,-3.61,-2.4,-1.24,-0.34,0.51,-3.57,-2.32,-1.13,-0.23,0.56
"2015-09",-3.49,-2.85,-2.22,-1.52,-0.63,-3.47,-2.77,-2.11,-1.34,-0.69,-3.42,-2.81,-2.19,-1.56,-0.81,-3.45,-2.64,-1.96,-1.22,-0.53,-3.2,-2.49,-1.95,-1.3,-0.68,-3.39,-2.79,-2.14,-1.49,-0.81,-3.44,-2.79,-2.15,-1.48,-0.73
"2015-10",4.96,3.45,2.03,0.91,-0.1,4.98,3.44,1.96,0.9,-0.09,4.96,3.51,2.17,0.98,0.13,5.01,3.4,1.97,0.77,-0.16,4.91,3.28,1.96,0.77,-0.16,4.85,3.49,2.02,0.82,-0.06,4.94,3.47,2.05,0.89,-0.03
"2015-11",1.44,0.84,0.65,0.43,-0.13,1.37,0.78,0.52,0.3,-0.17,1.46,0.94,0.56,0.34,-0.19,1.38,0.79,0.53,0.42,-0.11,1.38,0.86,0.64,0.44,-0.13,1.41,0.82,0.56,0.39,-0.11,1.42,0.85,0.57,0.38,-0.15
"2015-12",-2.21,-1.78,-1.55,-1.04,-0.49,-2.23,-1.81,-1.51,-1,-0.53,-2.2,-1.65,-1.38,-1.04,-0.46,-2.2,-1.81,-1.46,-1,-0.31,-2.34,-1.81,-1.52,-0.99,-0.41,-2.19,-1.8,-1.51,-1.15,-0.66,-2.21,-1.76,-1.48,-1.06,-0.52
"2016-01",-5.96,-3.8,-1.95,-0.51,0.74,-5.97,-3.91,-2.05,-0.56,0.71,-6.16,-4.01,-2.26,-0.69,0.54,-6.18,-3.94,-2.18,-0.63,0.66,-6.09,-4.06,-2.28,-0.6,0.73,-5.96,-3.85,-1.91,-0.39,0.91,-6.02,-3.91,-2.05,-0.53,0.71
"2016-02",-1.52,-0.83,-0.23,0.09,0.84,-1.35,-0.7,-0.09,0.19,0.95,-1.34,-0.68,-0.15,0.14,0.81,-1.29,-0.7,-0.28,-0.02,0.67,-1.83,-0.98,-0.37,-0.02,0.77,-1.53,-0.82,-0.31,0.07,0.95,-1.44,-0.76,-0.21,0.11,0.88
"2016-03",4.18,3.09,1.99,1.01,0.34,4.44,3.31,2.13,1.13,0.32,4.64,3.42,2.33,1.33,0.49,4.71,3.45,2.27,1.23,0.31,4.28,3.05,2.09,1.13,0.33,4.35,3.31,2.25,1.33,0.62,4.42,3.3,2.2,1.22,0.43
"2016-04",-0.03,0.1,0.1,0.06,-0.05,-0.04,0.04,0.05,-0.06,-0.14,0,0.13,0.18,0.09,-0.03,0.06,0.17,0.21,0.17,-0.01,-0.07,-0.1,-0.03,-0.08,-0.23,-0.12,-0.12,-0.17,-0.2,-0.28,-0.04,0.04,0.03,-0.04,-0.12
"2016-05",2.26,1.58,1.07,0.52,0.09,2.48,1.84,1.22,0.72,0.14,2.49,1.81,1.29,0.77,0.22,2.5,1.91,1.46,1,0.36,2.52,1.8,1.26,0.77,0.16,2.53,1.84,1.25,0.67,0,2.45,1.78,1.23,0.67,0.13
"2016-06",-3.68,-2.48,-1.8,-0.93,0.03,-3.93,-2.69,-1.75,-1.05,-0.09,-3.82,-2.65,-1.78,-0.95,0.03,-3.74,-2.59,-1.73,-0.9,0.02,-3.9,-2.8,-1.9,-1.07,-0.05,-3.81,-2.75,-2.12,-1.24,-0.44,-3.82,-2.65,-1.89,-1.06,-0.1
"2016-07",4.34,3.32,2.25,1.29,0.65,4.34,3.36,2.17,1.26,0.54,4.37,3.39,2.37,1.38,0.72,4.53,3.38,2.15,1.06,0.31,4.22,3.16,2.02,1.12,0.48,4.32,3.26,2.16,1.23,0.55,4.34,3.33,2.23,1.28,0.61
"2016-08",1.69,1.76,1.78,1.78,1.47,1.73,1.7,1.75,1.75,1.45,1.83,1.83,1.79,1.75,1.41,1.74,1.69,1.59,1.48,1.15,1.84,1.81,1.8,1.74,1.36,1.74,1.78,1.89,1.8,1.43,1.75,1.77,1.81,1.77,1.43
"2016-09",-1.58,-0.91,-0.32,0.32,0.67,-1.59,-0.99,-0.33,0.37,0.67,-1.54,-0.95,-0.28,0.38,0.57,-1.46,-0.75,-0.11,0.44,0.65,-1.48,-0.88,-0.26,0.37,0.69,-1.46,-0.83,-0.29,0.38,0.69,-1.54,-0.9,-0.3,0.37,0.64
"2016-10",-0.2,-0.12,-0.3,-0.38,-0.5,-0.38,-0.25,-0.54,-0.6,-0.66,-0.3,-0.19,-0.43,-0.47,-0.43,-0.28,-0.11,-0.35,-0.36,-0.33,-0.55,-0.34,-0.41,-0.59,-0.55,-0.38,-0.29,-0.54,-0.66,-0.66,-0.32,-0.21,-0.46,-0.53,-0.55
"2016-11",0.38,-0.61,-1.6,-1.96,-1.83,0.49,-0.41,-1.41,-1.82,-1.84,0.51,-0.34,-1.35,-1.78,-1.85,0.58,-0.27,-0.94,-1.13,-1.04,0.47,-0.53,-1.43,-1.93,-1.9,-0.05,-0.85,-1.71,-2.49,-2.54,0.35,-0.54,-1.51,-2.05,-1.95
"2016-12",-0.48,0.09,0.75,1.43,1.75,-0.51,0.07,0.9,1.52,1.88,-0.4,0.18,0.86,1.56,1.79,-0.36,0.14,0.74,1.42,1.61,-0.53,0.11,0.84,1.52,1.75,-0.72,-0.08,0.64,1.29,1.57,-0.52,0.07,0.78,1.43,1.76
"2017-01",0.87,0.92,0.9,0.73,0.79,0.94,0.96,0.87,0.73,0.73,0.96,1.03,0.98,0.85,0.81,1.15,1.08,0.92,0.65,0.53,1.06,1.04,0.98,0.79,0.79,0.96,0.97,0.87,0.77,0.76,0.95,0.98,0.91,0.77,0.77
"2017-02",1.9,1.64,1.39,1.03,0.89,1.96,1.73,1.38,0.99,0.85,1.96,1.69,1.39,0.98,0.89,1.96,1.73,1.37,1.01,0.64,1.71,1.41,1.11,0.84,0.73,1.91,1.62,1.32,0.99,0.84,1.93,1.66,1.36,0.99,0.86
"2017-03",5.42,4.34,3.06,1.58,0.54,5.43,4.34,3.02,1.51,0.49,5.35,4.26,2.99,1.5,0.48,5.19,4.24,2.91,1.5,0.46,5.26,4.11,2.82,1.34,0.43,5.35,4.25,2.99,1.47,0.42,5.38,4.28,3,1.5,0.48
"2017-04",1.04,0.87,0.83,0.77,0.61,1.12,0.97,0.94,0.75,0.64,1.16,0.99,0.96,0.82,0.66,1.18,0.97,0.87,0.73,0.29,1.01,0.85,0.8,0.69,0.61,1.12,0.98,0.92,0.81,0.7,1.11,0.95,0.91,0.79,0.63
"2017-05",2.31,1.65,1.11,0.32,-0.26,2.33,1.59,1.02,0.27,-0.36,2.36,1.7,1.17,0.39,-0.25,2.14,1.55,0.95,0.18,-0.2,2.41,1.68,1.11,0.33,-0.25,2.31,1.62,1.07,0.33,-0.31,2.33,1.64,1.09,0.33,-0.29
"2017-06",-1.48,-1.26,-1.05,-0.75,-0.29,-1.37,-1.21,-1.11,-0.78,-0.43,-1.34,-1.07,-0.97,-0.72,-0.32,-1.41,-1.15,-1,-0.66,-0.2,-1.53,-1.32,-1.13,-0.87,-0.39,-1.46,-1.26,-1.18,-0.83,-0.47,-1.41,-1.2,-1.08,-0.78,-0.36
"2017-07",2.25,1.77,1.07,0.28,-0.05,2.26,1.68,0.98,0.26,-0.12,2.14,1.68,0.97,0.32,-0.02,2.11,1.66,0.95,0.37,0.28,2.19,1.64,1.01,0.3,-0.04,2.16,1.63,0.95,0.24,-0.07,2.2,1.68,0.99,0.27,-0.04
"2017-08",-1.74,-1.26,-0.98,-0.57,-0.05,-1.89,-1.47,-1.11,-0.72,-0.28,-1.77,-1.3,-0.99,-0.63,-0.14,-1.91,-1.41,-1.02,-0.6,-0.05,-1.91,-1.42,-1.09,-0.68,-0.19,-1.91,-1.44,-1.09,-0.68,-0.22,-1.83,-1.37,-1.04,-0.65,-0.17
"2017-09",2.23,1.73,1.25,0.71,0.02,2.3,1.8,1.32,0.83,0.08,2.24,1.76,1.27,0.77,0.1,2.18,1.63,1.19,0.72,0.07,2.21,1.67,1.29,0.78,0.12,2.25,1.73,1.23,0.71,0.07,2.25,1.74,1.26,0.74,0.07
"2017-10",2.6,1.77,0.72,-0.43,-0.98,2.63,1.77,0.67,-0.54,-0.98,2.67,1.9,0.8,-0.28,-0.89,2.7,1.88,0.96,-0.24,-0.83,2.45,1.65,0.67,-0.47,-1.01,2.51,1.74,0.66,-0.4,-0.89,2.61,1.8,0.72,-0.4,-0.93
"2017-11",-0.46,-0.94,-1.04,-0.82,-0.56,-0.28,-0.7,-0.83,-0.76,-0.63,-0.16,-0.66,-0.7,-0.66,-0.47,-0.01,-0.65,-0.85,-0.73,-0.62,-0.29,-0.72,-0.88,-0.76,-0.61,-0.28,-0.72,-0.83,-0.73,-0.63,-0.27,-0.74,-0.83,-0.74,-0.57
"2017-12",-0.42,0.02,0.15,0.25,0.58,-0.55,-0.05,0.11,0.27,0.41,-0.63,-0.16,-0.03,0.21,0.7,-0.94,-0.18,0.08,0.4,0.81,-0.64,-0.12,0,0.17,0.53,-0.58,-0.14,0.01,0.21,0.63,-0.58,-0.1,0.04,0.23,0.6
"2018-01",4.08,3.22,2.27,1.24,0.46,3.94,3.11,2.24,1.18,0.34,3.82,3.12,2.23,1.24,0.47,3.67,2.98,2.09,1.18,0.41,3.82,3,2.17,1.2,0.47,3.92,3.07,2.12,1.19,0.34,3.91,3.11,2.2,1.21,0.41
"2018-02",-4.62,-3.4,-2.26,-1.03,-0.06,-4.74,-3.48,-2.43,-1.07,-0.11,-4.69,-3.46,-2.32,-1.07,-0.14,-4.8,-3.56,-2.45,-1.16,-0.25,-4.54,-3.4,-2.29,-1.14,-0.18,-4.52,-3.41,-2.38,-1.13,-0.14,-4.66,-3.45,-2.35,-1.09,-0.13
"2018-03",-1.2,-0.61,0.05,0.35,0.59,-1.24,-0.73,-0.07,0.29,0.54,-1.25,-0.71,-0.01,0.29,0.57,-1.54,-0.8,-0.07,0.3,0.57,-1.31,-0.74,-0.04,0.36,0.53,-1.15,-0.65,0.02,0.38,0.58,-1.23,-0.69,-0.01,0.33,0.57
"2018-04",1.2,0.91,0.58,0.29,0.18,1.13,0.8,0.52,0.21,0.09,1.17,0.93,0.63,0.33,0.22,1.32,1.06,0.73,0.36,0.18,1.18,0.9,0.61,0.28,0.16,1.07,0.75,0.53,0.2,0.1,1.16,0.87,0.57,0.26,0.16
"2018-05",-0.34,-0.26,-0.35,-0.41,0.21,-0.18,-0.18,-0.46,-0.4,0.28,0.01,-0.07,-0.33,-0.33,0.3,-0.24,-0.19,-0.25,-0.29,0.2,-0.11,-0.12,-0.37,-0.34,0.28,-0.19,-0.23,-0.39,-0.42,0.22,-0.16,-0.17,-0.37,-0.39,0.25
"2018-06",-1.5,-1.19,-0.74,-0.24,0.29,-1.61,-1.34,-0.89,-0.36,0.21,-1.44,-1.12,-0.62,-0.18,0.24,-1.74,-1.37,-0.95,-0.34,0.15,-1.57,-1.21,-0.76,-0.25,0.32,-1.58,-1.32,-0.86,-0.33,0.19,-1.54,-1.25,-0.77,-0.28,0.23
"2018-07",2.19,1.71,1.39,1.09,0.55,2.14,1.7,1.36,1.04,0.49,2.05,1.65,1.33,1.08,0.52,2.31,1.82,1.43,1.11,0.44,2.1,1.68,1.35,1.07,0.51,2.14,1.72,1.33,1.03,0.51,2.13,1.71,1.35,1.06,0.51
"2018-08",1.33,0.96,0.79,0.46,0.56,1.34,0.93,0.7,0.42,0.58,1.41,0.93,0.68,0.39,0.53,1.66,1.08,0.71,0.5,0.5,1.34,0.95,0.72,0.46,0.52,1.44,0.99,0.79,0.52,0.69,1.4,0.97,0.74,0.46,0.57
"2018-09",-1.4,-1.14,-0.73,-0.29,-0.19,-1.45,-1.2,-0.75,-0.25,-0.16,-1.48,-1.19,-0.79,-0.29,-0.18,-1.6,-1.24,-0.79,-0.32,-0.21,-1.56,-1.31,-0.9,-0.37,-0.22,-1.56,-1.29,-0.89,-0.4,-0.25,-1.48,-1.22,-0.8,-0.32,-0.19
"2018-10",-4,-3.19,-2.14,-1.12,-0.72,-3.93,-3.14,-2.13,-1.06,-0.69,-3.99,-3.18,-2.18,-1.08,-0.63,-4.11,-3.26,-2.21,-0.94,-0.6,-3.98,-3.09,-2.02,-0.98,-0.69,-3.9,-3.09,-2.05,-1.01,-0.71,-3.97,-3.16,-2.12,-1.05,-0.68
"2018-11",-0.13,-0.03,0.19,0.21,0.4,-0.17,0.03,0.21,0.2,0.36,-0.11,0.01,0.21,0.21,0.4,-0.04,0.07,0.18,0.11,0.23,-0.14,-0.01,0.17,0.17,0.38,-0.12,0.08,0.24,0.23,0.45,-0.13,0.03,0.21,0.21,0.39
"2018-12",-0.77,-0.25,0.63,0.83,0.93,-0.78,-0.22,0.61,0.92,1.03,-0.9,-0.34,0.52,0.75,0.92,-1.27,-0.57,0.18,0.58,0.69,-0.84,-0.32,0.53,0.81,0.94,-0.79,-0.29,0.56,0.88,1.01,-0.84,-0.31,0.55,0.83,0.94
"2019-01",3.21,2.69,2.07,1.61,0.91,3.05,2.56,1.98,1.5,0.77,3.03,2.54,1.93,1.5,0.81,3.4,2.68,2.05,1.59,0.77,3.08,2.58,2.02,1.54,0.83,3.24,2.72,2.14,1.66,0.94,3.13,2.63,2.03,1.58,0.84
"2019-02",0.45,0.64,0.73,0.81,0.73,0.44,0.6,0.71,0.75,0.69,0.49,0.69,0.79,0.86,0.69,0.65,0.72,0.74,0.73,0.56,0.35,0.55,0.68,0.74,0.67,0.4,0.61,0.71,0.8,0.72,0.46,0.64,0.74,0.81,0.69
"2019-03",2.28,2.14,2.37,2.21,1.9,2.21,2.1,2.26,2.14,1.81,2.27,2.14,2.39,2.19,1.88,2.22,2.06,2.04,1.89,1.47,2.3,2.22,2.43,2.3,1.99,2.35,2.23,2.4,2.28,1.96,2.27,2.15,2.35,2.21,1.86
"2019-04",1.79,1.49,1.1,0.83,0.49,1.82,1.44,1.07,0.72,0.4,1.81,1.52,1.1,0.79,0.43,1.83,1.53,1.06,0.71,0.38,1.81,1.49,1.09,0.8,0.46,1.89,1.51,1.09,0.79,0.44,1.82,1.5,1.09,0.79,0.43
"2019-05",-1.38,-0.9,0.25,1.16,1.37,-1.31,-0.84,0.28,1.19,1.25,-1.35,-0.82,0.22,1.13,1.4,-1.54,-1.05,0,0.87,0.89,-1.43,-0.88,0.26,1.16,1.34,-1.22,-0.78,0.39,1.31,1.47,-1.33,-0.86,0.28,1.2,1.33
"2019-06",0.91,1.3,1.99,2.33,2.03,0.82,1.17,1.83,2.14,1.92,0.87,1.25,1.96,2.33,1.92,0.95,1.22,1.71,1.86,1.43,0.89,1.34,2.03,2.45,2.01,0.94,1.34,2.01,2.34,1.93,0.88,1.27,1.95,2.3,1.91
"2019-07",2.39,2.38,3.09,3.52,3,2.34,2.35,2.96,3.42,2.89,2.4,2.35,2.96,3.36,2.84,2.33,2.12,2.52,2.78,1.97,2.37,2.33,3.03,3.49,3.01,2.45,2.48,3.12,3.65,3.07,2.39,2.35,3.01,3.49,2.86
"2019-08",-2.55,-1.31,0.42,1.71,2.37,-2.77,-1.45,0.23,1.63,2.45,-2.72,-1.44,0.39,1.74,2.32,-2.85,-1.7,-0.17,0.96,1.61,-2.77,-1.45,0.39,1.64,2.43,-2.69,-1.42,0.32,1.76,2.45,-2.7,-1.45,0.33,1.7,2.33
"2019-09",4.08,2.94,1.43,0.22,-0.27,3.9,2.8,1.47,0.24,-0.35,3.92,2.89,1.54,0.33,-0.17,4.06,2.95,1.71,0.49,-0.08,4.05,2.88,1.54,0.29,-0.29,4.16,2.99,1.59,0.36,-0.16,4,2.91,1.53,0.31,-0.23
"2019-10",1.3,0.17,-1.27,-2.66,-3.31,1.32,0.16,-1.25,-2.72,-3.29,1.51,0.34,-1.21,-2.67,-3.16,1.44,0.32,-0.88,-2.1,-2.79,1.34,0.09,-1.4,-2.8,-3.45,1.51,0.26,-1.29,-2.87,-3.5,1.41,0.24,-1.25,-2.73,-3.26
"2019-11",8.28,5.19,2.15,-0.94,-2.7,8.59,5.2,2.3,-0.95,-2.75,8.38,5.2,2.36,-0.81,-2.36,8.89,5.45,2.83,-0.29,-1.84,8.66,4.95,1.79,-1.59,-3.43,8.91,5.27,2.4,-1.04,-2.87,8.55,5.23,2.33,-0.95,-2.6
"2019-12",-4.2,-2.35,-0.09,1.85,2.86,-4.13,-2.3,-0.24,2.04,2.93,-4.48,-2.72,-0.57,1.5,2.27,-4.18,-2.26,-0.1,1.89,2.83,-4.13,-2.43,-0.39,1.64,2.55,-4.24,-2.24,-0.09,2.09,2.99,-4.27,-2.41,-0.27,1.86,2.71
"2020-01",4.11,3.13,2.09,1.16,0.5,3.89,2.99,2.09,1.22,0.7,4.12,3.22,2.24,1.33,0.61,3.89,2.96,1.97,1.09,0.43,3.98,3.09,2.1,1.13,0.48,3.89,2.97,2,1.1,0.51,4,3.07,2.11,1.19,0.57
"2020-02",-4.4,-3.76,-3.68,-3.82,-2.91,-4.53,-3.83,-3.76,-3.81,-2.91,-4.43,-3.52,-3.42,-3.57,-2.68,-4.81,-4.08,-3.9,-3.86,-2.91,-4.48,-3.78,-3.73,-3.81,-2.88,-4.38,-3.79,-3.72,-3.81,-3.2,-4.46,-3.76,-3.64,-3.76,-2.88
"2020-03",-16.65,-13.57,-10.11,-7.14,-3.07,-16.55,-13.74,-10.68,-7.45,-2.14,-16.19,-13.13,-9.83,-6.85,-2.2,-17.15,-13.73,-10.19,-6.83,-2.23,-16.3,-13.39,-10.29,-7.29,-2.9,-16.51,-13.7,-10.37,-7.47,-3.11,-16.49,-13.53,-10.2,-7.22,-2.54
"2020-04",8.55,7.68,7.44,6.82,5.22,8.4,7.68,7.34,6.91,5.02,8.47,7.55,7.32,6.54,4.69,9.06,8.31,7.5,6.56,5.03,8.69,7.91,7.29,6.45,4.36,8.99,8.19,7.85,7.2,5.76,8.61,7.86,7.5,6.87,5.06
